date,kwh,cost
2022-01-01,46.4,33.41
2022-01-02,40.6,29.23
2022-01-03,43.5,40.89
2022-01-04,49.1,46.15
2022-01-05,42.3,39.76
2022-01-06,47.7,44.84
2022-01-07,40.4,37.98
2022-01-08,47.8,34.42
2022-01-09,48.9,35.21
2022-01-10,48.5,45.59
2022-01-11,47.4,44.56
2022-01-12,44.4,41.74
2022-01-13,44.9,42.21
2022-01-14,46.3,43.52
2022-01-15,44.6,32.11
2022-01-16,40.5,29.16
2022-01-17,40.4,37.98
2022-01-18,45.7,42.96
2022-01-19,49.4,46.44
2022-01-20,40.4,37.98
2022-01-21,42.4,39.86
2022-01-22,46.7,33.62
2022-01-23,42.2,30.38
2022-01-24,49.4,46.44
2022-01-25,41.4,38.92
2022-01-26,49.2,46.25
2022-01-27,46.6,43.8
2022-01-28,39.9,37.51
2022-01-29,47.2,33.98
2022-01-30,39.8,28.66
2022-01-31,46.7,43.9
2022-02-01,43.3,40.7
2022-02-02,40.0,37.6
2022-02-03,42.4,39.86
2022-02-04,45.5,42.77
2022-02-05,43.5,31.32
2022-02-06,41.3,29.74
2022-02-07,40.4,37.98
2022-02-08,42.9,40.33
2022-02-09,38.4,36.1
2022-02-10,38.9,36.57
2022-02-11,44.3,41.64
2022-02-12,38.3,27.58
2022-02-13,44.1,31.75
2022-02-14,46.4,43.62
2022-02-15,46.5,43.71
2022-02-16,40.8,38.35
2022-02-17,41.5,39.01
2022-02-18,43.8,41.17
2022-02-19,46.2,33.26
2022-02-20,43.7,31.46
2022-02-21,40.0,37.6
2022-02-22,43.4,40.8
2022-02-23,37.1,34.87
2022-02-24,38.8,36.47
2022-02-25,44.7,42.02
2022-02-26,37.6,27.07
2022-02-27,44.6,32.11
2022-02-28,38.6,36.28
2022-03-01,36.1,33.93
2022-03-02,43.6,40.98
2022-03-03,41.8,39.29
2022-03-04,42.5,39.95
2022-03-05,39.9,28.73
2022-03-06,39.4,28.37
2022-03-07,36.8,34.59
2022-03-08,35.3,33.18
2022-03-09,39.5,37.13
2022-03-10,38.1,35.81
2022-03-11,33.4,31.4
2022-03-12,33.3,23.98
2022-03-13,36.0,25.92
2022-03-14,38.3,36.0
2022-03-15,31.1,29.23
2022-03-16,33.5,31.49
2022-03-17,37.3,35.06
2022-03-18,30.2,28.39
2022-03-19,30.6,22.03
2022-03-20,38.2,27.5
2022-03-21,30.5,28.67
2022-03-22,29.1,27.35
2022-03-23,28.5,26.79
2022-03-24,30.4,28.58
2022-03-25,33.7,31.68
2022-03-26,30.4,21.89
2022-03-27,29.7,21.38
2022-03-28,28.6,26.88
2022-03-29,32.6,30.64
2022-03-30,30.6,28.76
2022-03-31,25.9,24.35
2022-04-01,33.3,31.3
2022-04-02,31.8,22.9
2022-04-03,28.2,20.3
2022-04-04,26.1,24.53
2022-04-05,24.3,22.84
2022-04-06,26.3,24.72
2022-04-07,32.5,30.55
2022-04-08,32.4,30.46
2022-04-09,31.1,22.39
2022-04-10,24.0,17.28
2022-04-11,23.9,22.47
2022-04-12,29.1,27.35
2022-04-13,24.6,23.12
2022-04-14,25.5,23.97
2022-04-15,24.0,22.56
2022-04-16,23.8,17.14
2022-04-17,22.4,16.13
2022-04-18,20.1,18.89
2022-04-19,25.3,23.78
2022-04-20,24.3,22.84
2022-04-21,19.4,18.24
2022-04-22,27.0,25.38
2022-04-23,24.9,17.93
2022-04-24,22.4,16.13
2022-04-25,20.0,18.8
2022-04-26,18.8,17.67
2022-04-27,24.6,23.12
2022-04-28,23.5,22.09
2022-04-29,21.4,20.12
2022-04-30,23.3,16.78
2022-05-01,15.7,11.3
2022-05-02,16.1,15.13
2022-05-03,23.7,22.28
2022-05-04,16.9,15.89
2022-05-05,17.2,16.17
2022-05-06,22.0,20.68
2022-05-07,15.3,11.02
2022-05-08,20.4,14.69
2022-05-09,17.5,16.45
2022-05-10,20.3,19.08
2022-05-11,18.5,17.39
2022-05-12,17.1,16.07
2022-05-13,19.5,18.33
2022-05-14,11.1,7.99
2022-05-15,11.3,8.14
2022-05-16,10.7,10.06
2022-05-17,19.4,18.24
2022-05-18,14.8,13.91
2022-05-19,11.0,10.34
2022-05-20,13.9,13.07
2022-05-21,13.0,9.36
2022-05-22,12.9,9.29
2022-05-23,11.6,10.9
2022-05-24,16.1,15.13
2022-05-25,8.1,7.61
2022-05-26,15.7,14.76
2022-05-27,9.9,9.31
2022-05-28,8.7,6.26
2022-05-29,10.8,7.78
2022-05-30,13.1,12.31
2022-05-31,7.0,6.58
2022-06-01,7.6,7.14
2022-06-02,8.5,7.99
2022-06-03,12.9,12.13
2022-06-04,13.2,9.5
2022-06-05,14.6,10.51
2022-06-06,7.0,6.58
2022-06-07,7.0,6.58
2022-06-08,7.1,6.67
2022-06-09,8.8,8.27
2022-06-10,13.1,12.31
2022-06-11,12.1,8.71
2022-06-12,7.0,5.04
2022-06-13,11.9,11.19
2022-06-14,9.2,8.65
2022-06-15,10.5,9.87
2022-06-16,8.6,8.08
2022-06-17,7.3,6.86
2022-06-18,7.0,5.04
2022-06-19,7.0,5.04
2022-06-20,9.8,9.21
2022-06-21,9.1,8.55
2022-06-22,7.5,7.05
2022-06-23,7.0,6.58
2022-06-24,11.1,10.43
2022-06-25,7.0,5.04
2022-06-26,7.0,5.04
2022-06-27,7.0,6.58
2022-06-28,7.6,7.14
2022-06-29,8.1,7.61
2022-06-30,7.0,6.58
2022-07-01,7.0,6.58
2022-07-02,10.0,7.2
2022-07-03,7.0,5.04
2022-07-04,7.0,6.58
2022-07-05,7.0,6.58
2022-07-06,7.0,6.58
2022-07-07,8.3,7.8
2022-07-08,7.0,6.58
2022-07-09,9.7,6.98
2022-07-10,7.0,5.04
2022-07-11,7.0,6.58
2022-07-12,9.3,8.74
2022-07-13,8.0,7.52
2022-07-14,7.0,6.58
2022-07-15,9.9,9.31
2022-07-16,7.0,5.04
2022-07-17,7.0,5.04
2022-07-18,7.0,6.58
2022-07-19,7.0,6.58
2022-07-20,8.4,7.9
2022-07-21,7.0,6.58
2022-07-22,7.0,6.58
2022-07-23,7.0,5.04
2022-07-24,7.0,5.04
2022-07-25,7.0,6.58
2022-07-26,7.0,6.58
2022-07-27,7.4,6.96
2022-07-28,7.7,7.24
2022-07-29,7.0,6.58
2022-07-30,7.0,5.04
2022-07-31,10.4,7.49
2022-08-01,7.0,6.58
2022-08-02,7.0,6.58
2022-08-03,7.0,6.58
2022-08-04,7.0,6.58
2022-08-05,10.5,9.87
2022-08-06,9.1,6.55
2022-08-07,7.0,5.04
2022-08-08,10.5,9.87
2022-08-09,7.0,6.58
2022-08-10,9.3,8.74
2022-08-11,7.0,6.58
2022-08-12,7.0,6.58
2022-08-13,10.3,7.42
2022-08-14,7.0,5.04
2022-08-15,7.0,6.58
2022-08-16,11.0,10.34
2022-08-17,11.5,10.81
2022-08-18,7.0,6.58
2022-08-19,10.5,9.87
2022-08-20,12.3,8.86
2022-08-21,8.7,6.26
2022-08-22,10.0,9.4
2022-08-23,8.3,7.8
2022-08-24,11.7,11.0
2022-08-25,14.3,13.44
2022-08-26,11.5,10.81
2022-08-27,8.2,5.9
2022-08-28,10.7,7.7
2022-08-29,14.8,13.91
2022-08-30,9.1,8.55
2022-08-31,8.2,7.71
2022-09-01,7.0,6.58
2022-09-02,11.6,10.9
2022-09-03,14.0,10.08
2022-09-04,13.1,9.43
2022-09-05,14.3,13.44
2022-09-06,8.0,7.52
2022-09-07,9.0,8.46
2022-09-08,15.1,14.19
2022-09-09,14.4,13.54
2022-09-10,13.3,9.58
2022-09-11,10.1,7.27
2022-09-12,14.4,13.54
2022-09-13,16.7,15.7
2022-09-14,9.9,9.31
2022-09-15,14.3,13.44
2022-09-16,15.4,14.48
2022-09-17,16.2,11.66
2022-09-18,18.9,13.61
2022-09-19,16.9,15.89
2022-09-20,14.7,13.82
2022-09-21,18.7,17.58
2022-09-22,17.7,16.64
2022-09-23,22.4,21.06
2022-09-24,13.3,9.58
2022-09-25,15.6,11.23
2022-09-26,19.8,18.61
2022-09-27,15.1,14.19
2022-09-28,17.3,16.26
2022-09-29,14.5,13.63
2022-09-30,23.9,22.47
2022-10-01,15.2,10.94
2022-10-02,19.0,13.68
2022-10-03,15.7,14.76
2022-10-04,22.2,20.87
2022-10-05,17.8,16.73
2022-10-06,18.0,16.92
2022-10-07,25.8,24.25
2022-10-08,25.4,18.29
2022-10-09,24.2,17.42
2022-10-10,18.8,17.67
2022-10-11,23.3,21.9
2022-10-12,25.8,24.25
2022-10-13,20.1,18.89
2022-10-14,22.5,21.15
2022-10-15,27.6,19.87
2022-10-16,22.8,16.42
2022-10-17,21.6,20.3
2022-10-18,26.8,25.19
2022-10-19,21.5,20.21
2022-10-20,22.1,20.77
2022-10-21,31.2,29.33
2022-10-22,27.8,20.02
2022-10-23,29.3,21.1
2022-10-24,25.7,24.16
2022-10-25,28.7,26.98
2022-10-26,27.5,25.85
2022-10-27,24.8,23.31
2022-10-28,29.6,27.82
2022-10-29,34.4,24.77
2022-10-30,33.8,24.34
2022-10-31,29.0,27.26
2022-11-01,26.5,24.91
2022-11-02,32.0,30.08
2022-11-03,30.0,28.2
2022-11-04,32.1,30.17
2022-11-05,33.6,24.19
2022-11-06,37.0,26.64
2022-11-07,31.0,29.14
2022-11-08,28.9,27.17
2022-11-09,31.3,29.42
2022-11-10,28.8,27.07
2022-11-11,33.2,31.21
2022-11-12,31.2,22.46
2022-11-13,39.2,28.22
2022-11-14,35.5,33.37
2022-11-15,33.9,31.87
2022-11-16,31.9,29.99
2022-11-17,32.5,30.55
2022-11-18,32.7,30.74
2022-11-19,31.7,22.82
2022-11-20,34.2,24.62
2022-11-21,35.6,33.46
2022-11-22,35.7,33.56
2022-11-23,38.0,35.72
2022-11-24,40.7,38.26
2022-11-25,41.1,38.63
2022-11-26,35.7,25.7
2022-11-27,41.5,29.88
2022-11-28,42.3,39.76
2022-11-29,38.5,36.19
2022-11-30,35.5,33.37
2022-12-01,36.7,34.5
2022-12-02,36.3,34.12
2022-12-03,39.0,28.08
2022-12-04,35.5,25.56
2022-12-05,44.7,42.02
2022-12-06,43.3,40.7
2022-12-07,38.9,36.57
2022-12-08,37.4,35.16
2022-12-09,40.7,38.26
2022-12-10,41.7,30.02
2022-12-11,45.1,32.47
2022-12-12,39.3,36.94
2022-12-13,41.8,39.29
2022-12-14,42.6,40.04
2022-12-15,40.2,37.79
2022-12-16,43.2,40.61
2022-12-17,46.1,33.19
2022-12-18,45.4,32.69
2022-12-19,47.3,44.46
2022-12-20,40.8,38.35
2022-12-21,42.6,40.04
2022-12-22,42.2,39.67
2022-12-23,43.9,41.27
2022-12-24,43.4,31.25
2022-12-25,43.5,31.32
2022-12-26,43.2,40.61
2022-12-27,40.1,37.69
2022-12-28,43.0,40.42
2022-12-29,42.8,40.23
2022-12-30,40.6,38.16
2022-12-31,46.4,33.41
2023-01-01,39.7,28.58
2023-01-02,41.6,39.1
2023-01-03,47.5,44.65
2023-01-04,41.1,38.63
2023-01-05,44.0,41.36
2023-01-06,43.9,41.27
2023-01-07,46.8,33.7
2023-01-08,48.3,34.78
2023-01-09,40.6,38.16
2023-01-10,42.9,40.33
2023-01-11,45.6,42.86
2023-01-12,40.3,37.88
2023-01-13,45.8,43.05
2023-01-14,46.8,33.7
2023-01-15,46.8,33.7
2023-01-16,41.5,39.01
2023-01-17,40.2,37.79
2023-01-18,46.2,43.43
2023-01-19,48.2,45.31
2023-01-20,44.5,41.83
2023-01-21,43.9,31.61
2023-01-22,48.5,34.92
2023-01-23,45.8,43.05
2023-01-24,40.1,37.69
2023-01-25,44.9,42.21
2023-01-26,44.8,42.11
2023-01-27,48.6,45.68
2023-01-28,47.3,34.06
2023-01-29,46.9,33.77
2023-01-30,43.1,40.51
2023-01-31,45.0,42.3
2023-02-01,47.2,44.37
2023-02-02,41.6,39.1
2023-02-03,44.4,41.74
2023-02-04,42.6,30.67
2023-02-05,42.7,30.74
2023-02-06,46.3,43.52
2023-02-07,43.1,40.51
2023-02-08,44.0,41.36
2023-02-09,40.2,37.79
2023-02-10,43.4,40.8
2023-02-11,45.8,32.98
2023-02-12,45.4,32.69
2023-02-13,45.1,42.39
2023-02-14,42.7,40.14
2023-02-15,43.7,41.08
2023-02-16,40.5,38.07
2023-02-17,46.5,43.71
2023-02-18,45.4,32.69
2023-02-19,43.7,31.46
2023-02-20,38.2,35.91
2023-02-21,44.6,41.92
2023-02-22,38.6,36.28
2023-02-23,40.1,37.69
2023-02-24,36.1,33.93
2023-02-25,40.7,29.3
2023-02-26,35.3,25.42
2023-02-27,36.9,34.69
2023-02-28,40.5,38.07
2023-03-01,43.1,40.51
2023-03-02,41.6,39.1
2023-03-03,40.4,37.98
2023-03-04,35.5,25.56
2023-03-05,41.4,29.81
2023-03-06,34.9,32.81
2023-03-07,40.1,37.69
2023-03-08,37.2,34.97
2023-03-09,36.0,33.84
2023-03-10,39.2,36.85
2023-03-11,40.5,29.16
2023-03-12,35.1,25.27
2023-03-13,40.4,37.98
2023-03-14,38.5,36.19
2023-03-15,37.8,35.53
2023-03-16,37.3,35.06
2023-03-17,37.9,35.63
2023-03-18,36.4,26.21
2023-03-19,36.1,25.99
2023-03-20,33.4,31.4
2023-03-21,33.9,31.87
2023-03-22,30.3,28.48
2023-03-23,31.7,29.8
2023-03-24,34.5,32.43
2023-03-25,34.6,24.91
2023-03-26,35.1,25.27
2023-03-27,27.9,26.23
2023-03-28,30.6,28.76
2023-03-29,29.2,27.45
2023-03-30,30.6,28.76
2023-03-31,26.2,24.63
2023-04-01,34.3,24.7
2023-04-02,26.1,18.79
2023-04-03,25.5,23.97
2023-04-04,33.2,31.21
2023-04-05,32.6,30.64
2023-04-06,27.7,26.04
2023-04-07,29.9,28.11
2023-04-08,27.7,19.94
2023-04-09,24.3,17.5
2023-04-10,27.8,26.13
2023-04-11,22.8,21.43
2023-04-12,21.9,20.59
2023-04-13,27.8,26.13
2023-04-14,28.5,26.79
2023-04-15,21.3,15.34
2023-04-16,25.1,18.07
2023-04-17,26.3,24.72
2023-04-18,24.7,23.22
2023-04-19,27.8,26.13
2023-04-20,27.1,25.47
2023-04-21,24.7,23.22
2023-04-22,18.5,13.32
2023-04-23,25.0,18.0
2023-04-24,22.4,21.06
2023-04-25,22.5,21.15
2023-04-26,19.6,18.42
2023-04-27,19.0,17.86
2023-04-28,16.6,15.6
2023-04-29,16.0,11.52
2023-04-30,16.2,11.66
2023-05-01,15.1,14.19
2023-05-02,15.5,14.57
2023-05-03,15.4,14.48
2023-05-04,17.2,16.17
2023-05-05,22.8,21.43
2023-05-06,15.4,11.09
2023-05-07,14.4,10.37
2023-05-08,22.7,21.34
2023-05-09,17.1,16.07
2023-05-10,16.3,15.32
2023-05-11,21.3,20.02
2023-05-12,16.7,15.7
2023-05-13,15.0,10.8
2023-05-14,16.6,11.95
2023-05-15,14.3,13.44
2023-05-16,14.9,14.01
2023-05-17,10.2,9.59
2023-05-18,17.1,16.07
2023-05-19,12.6,11.84
2023-05-20,15.0,10.8
2023-05-21,13.4,9.65
2023-05-22,17.8,16.73
2023-05-23,13.2,12.41
2023-05-24,14.0,13.16
2023-05-25,14.3,13.44
2023-05-26,9.5,8.93
2023-05-27,11.5,8.28
2023-05-28,15.8,11.38
2023-05-29,9.3,8.74
2023-05-30,16.1,15.13
2023-05-31,9.0,8.46
2023-06-01,9.4,8.84
2023-06-02,10.1,9.49
2023-06-03,7.0,5.04
2023-06-04,10.1,7.27
2023-06-05,10.8,10.15
2023-06-06,7.0,6.58
2023-06-07,7.0,6.58
2023-06-08,7.0,6.58
2023-06-09,8.9,8.37
2023-06-10,7.0,5.04
2023-06-11,7.0,5.04
2023-06-12,10.1,9.49
2023-06-13,7.0,6.58
2023-06-14,7.0,6.58
2023-06-15,9.6,9.02
2023-06-16,7.0,6.58
2023-06-17,7.0,5.04
2023-06-18,11.6,8.35
2023-06-19,8.0,7.52
2023-06-20,8.7,8.18
2023-06-21,7.0,6.58
2023-06-22,7.9,7.43
2023-06-23,7.0,6.58
2023-06-24,7.0,5.04
2023-06-25,7.0,5.04
2023-06-26,7.6,7.14
2023-06-27,10.7,10.06
2023-06-28,7.0,6.58
2023-06-29,7.0,6.58
2023-06-30,9.9,9.31
2023-07-01,7.0,5.04
2023-07-02,7.0,5.04
2023-07-03,7.0,6.58
2023-07-04,7.0,6.58
2023-07-05,7.0,6.58
2023-07-06,8.5,7.99
2023-07-07,7.0,6.58
2023-07-08,9.0,6.48
2023-07-09,7.0,5.04
2023-07-10,9.9,9.31
2023-07-11,9.7,9.12
2023-07-12,7.0,6.58
2023-07-13,9.8,9.21
2023-07-14,8.9,8.37
2023-07-15,7.0,5.04
2023-07-16,10.0,7.2
2023-07-17,9.3,8.74
2023-07-18,7.0,6.58
2023-07-19,7.0,6.58
2023-07-20,7.0,6.58
2023-07-21,7.0,6.58
2023-07-22,7.0,5.04
2023-07-23,7.0,5.04
2023-07-24,7.0,6.58
2023-07-25,9.2,8.65
2023-07-26,7.0,6.58
2023-07-27,9.3,8.74
2023-07-28,7.0,6.58
2023-07-29,9.4,6.77
2023-07-30,9.3,6.7
2023-07-31,10.3,9.68
2023-08-01,10.2,9.59
2023-08-02,7.7,7.24
2023-08-03,9.4,8.84
2023-08-04,7.0,6.58
2023-08-05,7.0,5.04
2023-08-06,8.9,6.41
2023-08-07,7.0,6.58
2023-08-08,7.0,6.58
2023-08-09,7.0,6.58
2023-08-10,9.7,9.12
2023-08-11,8.5,7.99
2023-08-12,8.2,5.9
2023-08-13,10.2,7.34
2023-08-14,10.5,9.87
2023-08-15,7.0,6.58
2023-08-16,10.0,9.4
2023-08-17,7.0,6.58
2023-08-18,7.6,7.14
2023-08-19,11.2,8.06
2023-08-20,8.4,6.05
2023-08-21,11.3,10.62
2023-08-22,7.0,6.58
2023-08-23,7.0,6.58
2023-08-24,12.0,11.28
2023-08-25,12.9,12.13
2023-08-26,7.0,5.04
2023-08-27,7.0,5.04
2023-08-28,11.3,10.62
2023-08-29,12.3,11.56
2023-08-30,9.5,8.93
2023-08-31,15.3,14.38
2023-09-01,14.0,13.16
2023-09-02,12.4,8.93
2023-09-03,8.1,5.83
2023-09-04,7.7,7.24
2023-09-05,13.7,12.88
2023-09-06,8.9,8.37
2023-09-07,13.1,12.31
2023-09-08,14.9,14.01
2023-09-09,10.9,7.85
2023-09-10,13.8,9.94
2023-09-11,18.7,17.58
2023-09-12,11.2,10.53
2023-09-13,9.5,8.93
2023-09-14,15.8,14.85
2023-09-15,17.5,16.45
2023-09-16,12.3,8.86
2023-09-17,13.9,10.01
2023-09-18,14.6,13.72
2023-09-19,17.8,16.73
2023-09-20,17.9,16.83
2023-09-21,19.7,18.52
2023-09-22,20.9,19.65
2023-09-23,16.3,11.74
2023-09-24,17.4,12.53
2023-09-25,18.9,17.77
2023-09-26,18.9,17.77
2023-09-27,23.3,21.9
2023-09-28,23.6,22.18
2023-09-29,20.5,19.27
2023-09-30,15.3,11.02
2023-10-01,17.9,12.89
2023-10-02,23.3,21.9
2023-10-03,24.6,23.12
2023-10-04,23.8,22.37
2023-10-05,25.5,23.97
2023-10-06,21.8,20.49
2023-10-07,19.6,14.11
2023-10-08,27.1,19.51
2023-10-09,18.3,17.2
2023-10-10,22.1,20.77
2023-10-11,28.3,26.6
2023-10-12,23.0,21.62
2023-10-13,26.4,24.82
2023-10-14,28.2,20.3
2023-10-15,28.6,20.59
2023-10-16,21.5,20.21
2023-10-17,27.5,25.85
2023-10-18,24.4,22.94
2023-10-19,22.5,21.15
2023-10-20,29.3,27.54
2023-10-21,30.7,22.1
2023-10-22,29.7,21.38
2023-10-23,26.7,25.1
2023-10-24,31.2,29.33
2023-10-25,31.3,29.42
2023-10-26,27.9,26.23
2023-10-27,26.4,24.82
2023-10-28,30.8,22.18
2023-10-29,29.5,21.24
2023-10-30,29.2,27.45
2023-10-31,35.1,32.99
2023-11-01,30.7,28.86
2023-11-02,35.7,33.56
2023-11-03,32.9,30.93
2023-11-04,31.7,22.82
2023-11-05,30.0,21.6
2023-11-06,31.1,29.23
2023-11-07,29.7,27.92
2023-11-08,28.5,26.79
2023-11-09,34.6,32.52
2023-11-10,34.0,31.96
2023-11-11,32.0,23.04
2023-11-12,38.1,27.43
2023-11-13,32.6,30.64
2023-11-14,33.5,31.49
2023-11-15,34.2,32.15
2023-11-16,33.2,31.21
2023-11-17,33.6,31.58
2023-11-18,32.4,23.33
2023-11-19,37.7,27.14
2023-11-20,34.4,32.34
2023-11-21,36.4,34.22
2023-11-22,35.6,33.46
2023-11-23,38.5,36.19
2023-11-24,34.9,32.81
2023-11-25,41.6,29.95
2023-11-26,35.0,25.2
2023-11-27,37.4,35.16
2023-11-28,38.5,36.19
2023-11-29,34.9,32.81
2023-11-30,34.3,32.24
2023-12-01,42.3,39.76
2023-12-02,42.3,30.46
2023-12-03,39.1,28.15
2023-12-04,38.2,35.91
2023-12-05,36.9,34.69
2023-12-06,44.4,41.74
2023-12-07,37.2,34.97
2023-12-08,40.7,38.26
2023-12-09,37.2,26.78
2023-12-10,44.3,31.9
2023-12-11,36.8,34.59
2023-12-12,36.9,34.69
2023-12-13,38.6,36.28
2023-12-14,43.9,41.27
2023-12-15,39.1,36.75
2023-12-16,46.9,33.77
2023-12-17,46.9,33.77
2023-12-18,45.8,43.05
2023-12-19,42.9,40.33
2023-12-20,45.2,42.49
2023-12-21,42.7,40.14
2023-12-22,38.7,36.38
2023-12-23,48.1,34.63
2023-12-24,46.0,33.12
2023-12-25,40.0,37.6
2023-12-26,44.2,41.55
2023-12-27,40.7,38.26
2023-12-28,48.8,45.87
2023-12-29,43.9,41.27
2023-12-30,41.4,29.81
2023-12-31,39.5,28.44
2024-01-01,39.7,46.65
2024-01-02,48.3,56.75
2024-01-03,41.7,49.0
2024-01-04,49.1,57.69
2024-01-05,46.5,54.64
2024-01-06,44.0,39.6
2024-01-07,42.2,37.98
2024-01-08,41.1,48.29
2024-01-09,41.5,48.76
2024-01-10,48.8,57.34
2024-01-11,40.3,47.35
2024-01-12,45.6,53.58
2024-01-13,47.6,42.84
2024-01-14,45.3,40.77
2024-01-15,47.2,55.46
2024-01-16,41.0,48.17
2024-01-17,42.2,49.58
2024-01-18,44.7,52.52
2024-01-19,47.7,56.05
2024-01-20,48.8,43.92
2024-01-21,47.6,42.84
2024-01-22,47.5,55.81
2024-01-23,40.8,47.94
2024-01-24,41.8,49.11
2024-01-25,44.5,52.29
2024-01-26,40.7,47.82
2024-01-27,47.7,42.93
2024-01-28,39.6,35.64
2024-01-29,39.8,46.76
2024-01-30,47.9,56.28
2024-01-31,39.7,46.65
2024-02-01,42.0,49.35
2024-02-02,43.2,50.76
2024-02-03,48.2,43.38
2024-02-04,44.9,40.41
2024-02-05,41.3,48.53
2024-02-06,44.4,52.17
2024-02-07,40.4,47.47
2024-02-08,40.8,47.94
2024-02-09,45.8,53.81
2024-02-10,43.9,39.51
2024-02-11,40.1,36.09
2024-02-12,37.8,44.41
2024-02-13,38.3,45.0
2024-02-14,47.1,55.34
2024-02-15,44.1,51.82
2024-02-16,40.5,47.59
2024-02-17,43.0,38.7
2024-02-18,37.9,34.11
2024-02-19,37.3,43.83
2024-02-20,45.0,52.87
2024-02-21,44.8,52.64
2024-02-22,40.0,47.0
2024-02-23,41.4,48.64
2024-02-24,37.4,33.66
2024-02-25,40.6,36.54
2024-02-26,40.1,47.12
2024-02-27,39.2,46.06
2024-02-28,39.1,45.94
2024-02-29,39.3,46.18
2024-03-01,42.0,49.35
2024-03-02,34.8,31.32
2024-03-03,42.3,38.07
2024-03-04,36.9,43.36
2024-03-05,41.6,48.88
2024-03-06,42.2,49.58
2024-03-07,39.4,46.29
2024-03-08,37.1,43.59
2024-03-09,34.5,31.05
2024-03-10,33.8,30.42
2024-03-11,36.0,42.3
2024-03-12,35.3,41.48
2024-03-13,35.8,42.06
2024-03-14,40.5,47.59
2024-03-15,39.1,45.94
2024-03-16,32.2,28.98
2024-03-17,39.4,35.46
2024-03-18,29.8,35.01
2024-03-19,35.0,41.12
2024-03-20,34.9,41.01
2024-03-21,28.7,33.72
2024-03-22,28.9,33.96
2024-03-23,28.5,25.65
2024-03-24,33.1,29.79
2024-03-25,32.1,37.72
2024-03-26,32.0,37.6
2024-03-27,35.2,41.36
2024-03-28,32.0,37.6
2024-03-29,32.3,37.95
2024-03-30,31.7,28.53
2024-03-31,27.5,24.75
2024-04-01,29.8,35.01
2024-04-02,28.4,33.37
2024-04-03,26.8,31.49
2024-04-04,33.0,38.77
2024-04-05,29.7,34.9
2024-04-06,28.4,25.56
2024-04-07,24.8,22.32
2024-04-08,25.9,30.43
2024-04-09,30.3,35.6
2024-04-10,25.7,30.2
2024-04-11,31.0,36.42
2024-04-12,25.4,29.84
2024-04-13,24.7,22.23
2024-04-14,25.9,23.31
2024-04-15,21.6,25.38
2024-04-16,20.1,23.62
2024-04-17,25.7,30.2
2024-04-18,20.2,23.73
2024-04-19,23.4,27.49
2024-04-20,26.7,24.03
2024-04-21,25.6,23.04
2024-04-22,24.1,28.32
2024-04-23,24.9,29.26
2024-04-24,24.6,28.9
2024-04-25,18.0,21.15
2024-04-26,16.3,19.15
2024-04-27,23.2,20.88
2024-04-28,23.5,21.15
2024-04-29,18.5,21.74
2024-04-30,20.1,23.62
2024-05-01,18.5,21.74
2024-05-02,17.3,20.33
2024-05-03,20.5,24.09
2024-05-04,14.8,13.32
2024-05-05,19.5,17.55
2024-05-06,16.1,18.92
2024-05-07,20.4,23.97
2024-05-08,12.4,14.57
2024-05-09,21.9,25.73
2024-05-10,15.0,17.62
2024-05-11,17.7,15.93
2024-05-12,19.5,17.55
2024-05-13,17.7,20.8
2024-05-14,10.9,12.81
2024-05-15,13.3,15.63
2024-05-16,10.8,12.69
2024-05-17,11.8,13.86
2024-05-18,13.5,12.15
2024-05-19,13.6,12.24
2024-05-20,15.4,18.1
2024-05-21,16.7,19.62
2024-05-22,11.1,13.04
2024-05-23,13.3,15.63
2024-05-24,14.7,17.27
2024-05-25,10.9,9.81
2024-05-26,9.9,8.91
2024-05-27,10.8,12.69
2024-05-28,13.7,16.1
2024-05-29,7.0,8.22
2024-05-30,13.6,15.98
2024-05-31,7.0,8.22
2024-06-01,9.2,8.28
2024-06-02,8.5,7.65
2024-06-03,7.0,8.22
2024-06-04,10.4,12.22
2024-06-05,10.3,12.1
2024-06-06,13.9,16.33
2024-06-07,10.6,12.45
2024-06-08,8.0,7.2
2024-06-09,7.0,6.3
2024-06-10,10.9,12.81
2024-06-11,9.5,11.16
2024-06-12,9.9,11.63
2024-06-13,7.0,8.22
2024-06-14,7.0,8.22
2024-06-15,7.0,6.3
2024-06-16,11.1,9.99
2024-06-17,7.0,8.22
2024-06-18,7.0,8.22
2024-06-19,7.5,8.81
2024-06-20,7.1,8.34
2024-06-21,9.7,11.4
2024-06-22,7.0,6.3
2024-06-23,8.3,7.47
2024-06-24,7.0,8.22
2024-06-25,7.0,8.22
2024-06-26,7.0,8.22
2024-06-27,7.3,8.58
2024-06-28,10.2,11.98
2024-06-29,7.4,6.66
2024-06-30,9.1,8.19
2024-07-01,7.0,8.22
2024-07-02,9.1,10.69
2024-07-03,7.8,9.16
2024-07-04,7.0,8.22
2024-07-05,9.6,11.28
2024-07-06,10.2,9.18
2024-07-07,7.0,6.3
2024-07-08,7.3,8.58
2024-07-09,7.0,8.22
2024-07-10,7.0,8.22
2024-07-11,7.0,8.22
2024-07-12,9.1,10.69
2024-07-13,7.0,6.3
2024-07-14,9.4,8.46
2024-07-15,7.0,8.22
2024-07-16,7.0,8.22
2024-07-17,7.0,8.22
2024-07-18,7.0,8.22
2024-07-19,7.0,8.22
2024-07-20,7.0,6.3
2024-07-21,9.7,8.73
2024-07-22,7.0,8.22
2024-07-23,7.0,8.22
2024-07-24,7.0,8.22
2024-07-25,10.2,11.98
2024-07-26,7.0,8.22
2024-07-27,7.0,6.3
2024-07-28,7.0,6.3
2024-07-29,9.2,10.81
2024-07-30,7.9,9.28
2024-07-31,7.0,8.22
2024-08-01,8.8,10.34
2024-08-02,7.0,8.22
2024-08-03,7.0,6.3
2024-08-04,7.0,6.3
2024-08-05,7.0,8.22
2024-08-06,8.3,9.75
2024-08-07,7.0,8.22
2024-08-08,7.0,8.22
2024-08-09,7.0,8.22
2024-08-10,11.7,10.53
2024-08-11,7.0,6.3
2024-08-12,7.0,8.22
2024-08-13,7.6,8.93
2024-08-14,7.0,8.22
2024-08-15,7.0,8.22
2024-08-16,7.0,8.22
2024-08-17,7.0,6.3
2024-08-18,7.0,6.3
2024-08-19,7.0,8.22
2024-08-20,7.0,8.22
2024-08-21,7.8,9.16
2024-08-22,8.5,9.99
2024-08-23,7.0,8.22
2024-08-24,7.0,6.3
2024-08-25,7.0,6.3
2024-08-26,7.3,8.58
2024-08-27,9.5,11.16
2024-08-28,12.6,14.8
2024-08-29,14.3,16.8
2024-08-30,8.1,9.52
2024-08-31,15.6,14.04
2024-09-01,9.1,8.19
2024-09-02,14.2,16.68
2024-09-03,15.1,17.74
2024-09-04,11.2,13.16
2024-09-05,10.0,11.75
2024-09-06,8.8,10.34
2024-09-07,10.4,9.36
2024-09-08,8.7,7.83
2024-09-09,18.2,21.38
2024-09-10,11.1,13.04
2024-09-11,15.2,17.86
2024-09-12,15.5,18.21
2024-09-13,15.6,18.33
2024-09-14,13.9,12.51
2024-09-15,17.4,15.66
2024-09-16,20.5,24.09
2024-09-17,15.5,18.21
2024-09-18,20.6,24.2
2024-09-19,20.8,24.44
2024-09-20,13.1,15.39
2024-09-21,21.3,19.17
2024-09-22,15.4,13.86
2024-09-23,20.9,24.56
2024-09-24,21.7,25.5
2024-09-25,14.2,16.68
2024-09-26,23.5,27.61
2024-09-27,14.5,17.04
2024-09-28,16.8,15.12
2024-09-29,21.9,19.71
2024-09-30,17.4,20.44
2024-10-01,22.4,26.32
2024-10-02,18.3,21.5
2024-10-03,16.1,18.92
2024-10-04,19.6,23.03
2024-10-05,19.6,17.64
2024-10-06,25.6,23.04
2024-10-07,21.4,25.14
2024-10-08,18.8,22.09
2024-10-09,26.8,31.49
2024-10-10,18.8,22.09
2024-10-11,20.7,24.32
2024-10-12,28.0,25.2
2024-10-13,28.6,25.74
2024-10-14,26.5,31.14
2024-10-15,27.1,31.84
2024-10-16,27.2,31.96
2024-10-17,22.8,26.79
2024-10-18,27.2,31.96
2024-10-19,29.4,26.46
2024-10-20,22.2,19.98
2024-10-21,24.1,28.32
2024-10-22,26.8,31.49
2024-10-23,25.9,30.43
2024-10-24,27.0,31.72
2024-10-25,31.1,36.54
2024-10-26,30.1,27.09
2024-10-27,31.9,28.71
2024-10-28,31.6,37.13
2024-10-29,31.2,36.66
2024-10-30,31.0,36.42
2024-10-31,25.8,30.32
2024-11-01,32.8,38.54
2024-11-02,30.8,27.72
2024-11-03,29.1,26.19
2024-11-04,31.9,37.48
2024-11-05,31.4,36.89
2024-11-06,29.7,34.9
2024-11-07,29.4,34.54
2024-11-08,34.2,40.18
2024-11-09,34.8,31.32
2024-11-10,33.6,30.24
2024-11-11,30.4,35.72
2024-11-12,38.0,44.65
2024-11-13,37.1,43.59
2024-11-14,30.5,35.84
2024-11-15,39.0,45.82
2024-11-16,36.9,33.21
2024-11-17,33.0,29.7
2024-11-18,34.1,40.07
2024-11-19,39.5,46.41
2024-11-20,39.1,45.94
2024-11-21,35.5,41.71
2024-11-22,41.5,48.76
2024-11-23,41.8,37.62
2024-11-24,40.4,36.36
2024-11-25,38.5,45.24
2024-11-26,41.8,49.11
2024-11-27,36.6,43.0
2024-11-28,38.2,44.88
2024-11-29,36.3,42.65
2024-11-30,41.7,37.53
2024-12-01,40.5,36.45
2024-12-02,44.5,52.29
2024-12-03,41.8,49.11
2024-12-04,43.6,51.23
2024-12-05,44.4,52.17
2024-12-06,44.6,52.4
2024-12-07,42.1,37.89
2024-12-08,40.9,36.81
2024-12-09,36.8,43.24
2024-12-10,36.7,43.12
2024-12-11,41.1,48.29
2024-12-12,41.5,48.76
2024-12-13,38.4,45.12
2024-12-14,38.5,34.65
2024-12-15,40.6,36.54
2024-12-16,46.5,54.64
2024-12-17,43.5,51.11
2024-12-18,42.5,49.94
2024-12-19,41.3,48.53
2024-12-20,44.0,51.7
2024-12-21,45.2,40.68
2024-12-22,47.7,42.93
2024-12-23,44.0,51.7
2024-12-24,47.2,55.46
2024-12-25,39.7,46.65
2024-12-26,40.0,47.0
2024-12-27,46.7,54.87
2024-12-28,47.8,43.02
2024-12-29,47.7,42.93
2024-12-30,47.8,56.16
2024-12-31,43.8,51.46
2025-01-01,45.9,53.93
2025-01-02,43.4,50.99
2025-01-03,45.0,52.87
2025-01-04,48.7,43.83
2025-01-05,46.5,41.85
2025-01-06,41.3,48.53
2025-01-07,40.7,47.82
2025-01-08,46.5,54.64
2025-01-09,48.5,56.99
2025-01-10,41.5,48.76
2025-01-11,49.8,44.82
2025-01-12,45.2,40.68
2025-01-13,47.4,55.69
2025-01-14,49.9,58.63
2025-01-15,48.8,57.34
2025-01-16,42.6,50.05
2025-01-17,40.8,47.94
2025-01-18,46.0,41.4
2025-01-19,43.1,38.79
2025-01-20,43.9,51.58
2025-01-21,48.5,56.99
2025-01-22,48.1,56.52
2025-01-23,42.4,49.82
2025-01-24,47.3,55.58
2025-01-25,41.3,37.17
2025-01-26,46.4,41.76
2025-01-27,48.1,56.52
2025-01-28,48.1,56.52
2025-01-29,42.2,49.58
2025-01-30,43.3,50.88
2025-01-31,39.4,46.29
2025-02-01,43.0,38.7
2025-02-02,39.1,35.19
2025-02-03,41.6,48.88
2025-02-04,42.5,49.94
2025-02-05,48.4,56.87
2025-02-06,45.1,52.99
2025-02-07,40.3,47.35
2025-02-08,40.5,36.45
2025-02-09,45.8,41.22
2025-02-10,40.8,47.94
2025-02-11,47.1,55.34
2025-02-12,42.1,49.47
2025-02-13,38.0,44.65
2025-02-14,37.5,44.06
2025-02-15,40.4,36.36
2025-02-16,42.4,38.16
2025-02-17,42.4,49.82
2025-02-18,45.0,52.87
2025-02-19,40.6,47.7
2025-02-20,36.8,43.24
2025-02-21,43.5,51.11
2025-02-22,43.0,38.7
2025-02-23,36.4,32.76
2025-02-24,41.7,49.0
2025-02-25,37.1,43.59
2025-02-26,35.1,41.24
2025-02-27,39.2,46.06
2025-02-28,35.0,41.12
2025-03-01,41.8,37.62
2025-03-02,37.6,33.84
2025-03-03,35.4,41.59
2025-03-04,34.0,39.95
2025-03-05,42.6,50.05
2025-03-06,40.6,47.7
2025-03-07,36.7,43.12
2025-03-08,32.6,29.34
2025-03-09,37.8,34.02
2025-03-10,38.3,45.0
2025-03-11,38.8,45.59
2025-03-12,34.2,40.18
2025-03-13,31.7,37.25
2025-03-14,33.2,39.01
2025-03-15,31.6,28.44
2025-03-16,38.8,34.92
2025-03-17,35.4,41.59
2025-03-18,32.6,38.3
2025-03-19,31.9,37.48
2025-03-20,29.8,35.01
2025-03-21,34.5,40.54
2025-03-22,37.3,33.57
2025-03-23,29.5,26.55
2025-03-24,32.1,37.72
2025-03-25,35.3,41.48
2025-03-26,30.2,35.48
2025-03-27,31.2,36.66
2025-03-28,34.4,40.42
2025-03-29,28.8,25.92
2025-03-30,29.4,26.46
2025-03-31,30.6,35.96
2025-04-01,32.2,37.84
2025-04-02,26.3,30.9
2025-04-03,28.3,33.25
2025-04-04,24.6,28.9
2025-04-05,32.5,29.25
2025-04-06,32.0,28.8
2025-04-07,29.1,34.19
2025-04-08,23.3,27.38
2025-04-09,26.1,30.67
2025-04-10,26.9,31.61
2025-04-11,28.3,33.25
2025-04-12,29.2,26.28
2025-04-13,28.7,25.83
2025-04-14,21.2,24.91
2025-04-15,22.4,26.32
2025-04-16,23.6,27.73
2025-04-17,21.7,25.5
2025-04-18,28.6,33.6
2025-04-19,21.5,19.35
2025-04-20,19.5,17.55
2025-04-21,19.2,22.56
2025-04-22,25.0,29.37
2025-04-23,20.0,23.5
2025-04-24,21.5,25.26
2025-04-25,23.7,27.85
2025-04-26,25.5,22.95
2025-04-27,18.4,16.56
2025-04-28,17.2,20.21
2025-04-29,19.0,22.32
2025-04-30,21.2,24.91
2025-05-01,18.9,22.21
2025-05-02,15.6,18.33
2025-05-03,15.8,14.22
2025-05-04,20.8,18.72
2025-05-05,16.0,18.8
2025-05-06,17.6,20.68
2025-05-07,22.6,26.55
2025-05-08,16.7,19.62
2025-05-09,18.7,21.97
2025-05-10,12.6,11.34
2025-05-11,20.6,18.54
2025-05-12,17.3,20.33
2025-05-13,17.7,20.8
2025-05-14,12.7,14.92
2025-05-15,15.6,18.33
2025-05-16,15.5,18.21
2025-05-17,10.1,9.09
2025-05-18,10.0,9.0
2025-05-19,18.4,21.62
2025-05-20,12.1,14.22
2025-05-21,14.5,17.04
2025-05-22,15.4,18.1
2025-05-23,11.1,13.04
2025-05-24,10.9,9.81
2025-05-25,13.3,11.97
2025-05-26,14.5,17.04
2025-05-27,13.2,15.51
2025-05-28,15.0,17.62
2025-05-29,15.7,18.45
2025-05-30,13.2,15.51
2025-05-31,11.5,10.35
2025-06-01,15.1,13.59
2025-06-02,13.2,15.51
2025-06-03,12.5,14.69
2025-06-04,13.5,15.86
2025-06-05,7.0,8.22
2025-06-06,10.8,12.69
2025-06-07,7.0,6.3
2025-06-08,8.3,7.47
2025-06-09,11.8,13.86
2025-06-10,11.3,13.28
2025-06-11,7.7,9.05
2025-06-12,11.5,13.51
2025-06-13,7.0,8.22
2025-06-14,11.1,9.99
2025-06-15,7.0,6.3
2025-06-16,7.1,8.34
2025-06-17,11.5,13.51
2025-06-18,9.9,11.63
2025-06-19,7.0,8.22
2025-06-20,10.7,12.57
2025-06-21,9.8,8.82
2025-06-22,7.0,6.3
2025-06-23,8.0,9.4
2025-06-24,10.5,12.34
2025-06-25,7.0,8.22
2025-06-26,9.0,10.58
2025-06-27,8.8,10.34
2025-06-28,7.0,6.3
2025-06-29,10.3,9.27
2025-06-30,7.0,8.22
2025-07-01,7.0,8.22
2025-07-02,7.0,8.22
2025-07-03,7.0,8.22
2025-07-04,10.0,11.75
2025-07-05,7.7,6.93
2025-07-06,7.0,6.3
2025-07-07,10.1,11.87
2025-07-08,10.1,11.87
2025-07-09,7.0,8.22
2025-07-10,7.0,8.22
2025-07-11,8.5,9.99
2025-07-12,9.7,8.73
2025-07-13,7.0,6.3
2025-07-14,7.0,8.22
2025-07-15,7.0,8.22
2025-07-16,7.0,8.22
2025-07-17,9.7,11.4
2025-07-18,7.0,8.22
2025-07-19,8.8,7.92
2025-07-20,7.0,6.3
2025-07-21,7.0,8.22
2025-07-22,7.0,8.22
2025-07-23,7.0,8.22
2025-07-24,7.0,8.22
2025-07-25,7.0,8.22
2025-07-26,9.0,8.1
2025-07-27,7.0,6.3
2025-07-28,7.4,8.69
2025-07-29,7.0,8.22
2025-07-30,7.0,8.22
2025-07-31,7.0,8.22
2025-08-01,8.0,9.4
2025-08-02,7.8,7.02
2025-08-03,7.0,6.3
2025-08-04,7.4,8.69
2025-08-05,7.0,8.22
2025-08-06,7.0,8.22
2025-08-07,7.0,8.22
2025-08-08,7.0,8.22
2025-08-09,7.0,6.3
2025-08-10,11.5,10.35
2025-08-11,10.1,11.87
2025-08-12,9.6,11.28
2025-08-13,7.6,8.93
2025-08-14,7.0,8.22
2025-08-15,7.4,8.69
2025-08-16,7.5,6.75
2025-08-17,12.6,11.34
2025-08-18,12.8,15.04
2025-08-19,9.4,11.04
2025-08-20,12.8,15.04
2025-08-21,10.0,11.75
2025-08-22,7.0,8.22
2025-08-23,8.9,8.01
2025-08-24,10.6,9.54
2025-08-25,12.6,14.8
2025-08-26,7.7,9.05
2025-08-27,13.9,16.33
2025-08-28,14.5,17.04
2025-08-29,7.0,8.22
2025-08-30,8.1,7.29
2025-08-31,7.5,6.75
2025-09-01,9.2,10.81
2025-09-02,10.5,12.34
2025-09-03,7.1,8.34
2025-09-04,13.9,16.33
2025-09-05,14.8,17.39
2025-09-06,10.6,9.54
2025-09-07,14.1,12.69
2025-09-08,9.7,11.4
2025-09-09,8.5,9.99
2025-09-10,8.9,10.46
2025-09-11,17.9,21.03
2025-09-12,9.4,11.04
2025-09-13,12.6,11.34
2025-09-14,14.5,13.05
2025-09-15,18.5,21.74
2025-09-16,10.5,12.34
2025-09-17,11.5,13.51
2025-09-18,12.9,15.16
2025-09-19,20.4,23.97
2025-09-20,15.3,13.77
2025-09-21,18.6,16.74
2025-09-22,16.5,19.39
2025-09-23,14.8,17.39
2025-09-24,18.7,21.97
2025-09-25,14.1,16.57
2025-09-26,21.2,24.91
2025-09-27,18.5,16.65
2025-09-28,16.8,15.12
2025-09-29,20.9,24.56
2025-09-30,17.4,20.44
2025-10-01,20.5,24.09
2025-10-02,21.3,25.03
2025-10-03,25.0,29.37
2025-10-04,16.0,14.4
2025-10-05,22.7,20.43
2025-10-06,25.9,30.43
2025-10-07,23.9,28.08
2025-10-08,20.5,24.09
2025-10-09,21.7,25.5
2025-10-10,21.5,25.26
2025-10-11,23.2,20.88
2025-10-12,25.7,23.13
2025-10-13,21.3,25.03
2025-10-14,27.1,31.84
2025-10-15,24.6,28.9
2025-10-16,26.5,31.14
2025-10-17,24.8,29.14
2025-10-18,21.7,19.53
2025-10-19,21.6,19.44
2025-10-20,23.0,27.02
2025-10-21,30.6,35.96
2025-10-22,22.7,26.67
2025-10-23,31.3,36.78
2025-10-24,23.5,27.61
2025-10-25,29.0,26.1
2025-10-26,29.7,26.73
2025-10-27,24.7,29.02
2025-10-28,29.1,34.19
2025-10-29,26.2,30.78
2025-10-30,32.3,37.95
2025-10-31,28.9,33.96
2025-11-01,34.4,30.96
2025-11-02,27.5,24.75
2025-11-03,31.2,36.66
2025-11-04,27.3,32.08
2025-11-05,31.5,37.01
2025-11-06,34.5,40.54
2025-11-07,27.7,32.55
2025-11-08,33.5,30.15
2025-11-09,33.2,29.88
2025-11-10,35.0,41.12
2025-11-11,36.5,42.89
2025-11-12,36.8,43.24
2025-11-13,34.9,41.01
2025-11-14,32.2,37.84
2025-11-15,36.2,32.58
2025-11-16,39.7,35.73
2025-11-17,32.1,37.72
2025-11-18,32.5,38.19
2025-11-19,40.5,47.59
2025-11-20,32.6,38.3
2025-11-21,32.0,37.6
2025-11-22,33.1,29.79
2025-11-23,39.6,35.64
2025-11-24,34.6,40.65
2025-11-25,41.0,48.17
2025-11-26,40.6,47.7
2025-11-27,41.5,48.76
2025-11-28,35.4,41.59
2025-11-29,39.7,35.73
2025-11-30,35.2,31.68
2025-12-01,35.3,41.48
2025-12-02,42.0,49.35
2025-12-03,42.0,49.35
2025-12-04,41.2,48.41
2025-12-05,35.4,41.59
2025-12-06,39.1,35.19
2025-12-07,41.4,37.26
2025-12-08,41.9,49.23
2025-12-09,42.7,50.17
2025-12-10,39.4,46.29
2025-12-11,42.7,50.17
2025-12-12,39.4,46.29
2025-12-13,37.0,33.3
2025-12-14,44.0,39.6
2025-12-15,37.9,44.53
2025-12-16,41.4,48.64
2025-12-17,40.2,47.24
2025-12-18,41.8,49.11
2025-12-19,42.2,49.58
2025-12-20,44.5,40.05
2025-12-21,41.8,37.62
2025-12-22,42.0,49.35
2025-12-23,38.8,45.59
2025-12-24,40.7,47.82
2025-12-25,48.5,56.99
2025-12-26,44.9,52.76
2025-12-27,39.0,35.1
2025-12-28,39.9,35.91
2025-12-29,47.3,55.58
2025-12-30,41.3,48.53
2025-12-31,43.7,51.35
2026-01-01,40.4,45.1
2026-01-02,43.9,49.0
2026-01-03,44.4,37.96
2026-01-04,43.6,37.28
2026-01-05,47.3,52.8
2026-01-06,49.2,54.92
2026-01-07,45.2,50.45
2026-01-08,48.6,54.25
2026-01-09,41.3,46.1
2026-01-10,48.0,41.04
2026-01-11,41.9,35.82
2026-01-12,48.1,53.69
2026-01-13,42.8,47.78
2026-01-14,41.3,46.1
2026-01-15,40.4,45.1
2026-01-16,48.4,54.03
2026-01-17,48.4,41.38
2026-01-18,41.1,35.14
2026-01-19,43.2,48.22
2026-01-20,48.1,53.69
2026-01-21,40.7,45.43
2026-01-22,46.5,51.91
2026-01-23,49.0,54.7
2026-01-24,49.4,42.24
2026-01-25,45.5,38.9
2026-01-26,47.0,52.46
2026-01-27,47.6,53.13
2026-01-28,42.6,47.55
2026-01-29,44.9,50.12
2026-01-30,42.3,47.22
2026-01-31,47.3,40.44
2026-02-01,42.8,36.59
2026-02-02,43.5,48.56
2026-02-03,45.2,50.45
2026-02-04,42.9,47.89
2026-02-05,39.2,43.76
2026-02-06,46.7,52.13
2026-02-07,47.0,40.18
2026-02-08,44.0,37.62
2026-02-09,46.4,51.79
2026-02-10,41.3,46.1
2026-02-11,43.5,48.56
2026-02-12,47.3,52.8
2026-02-13,46.9,52.35
2026-02-14,46.2,39.5
2026-02-15,38.0,32.49
2026-02-16,44.2,49.34
2026-02-17,42.0,46.88
2026-02-18,40.5,45.21
2026-02-19,37.8,42.19
2026-02-20,44.9,50.12
2026-02-21,39.3,33.6
2026-02-22,42.7,36.51
2026-02-23,43.7,48.78
2026-02-24,44.8,50.01
2026-02-25,35.4,39.52
2026-02-26,42.9,47.89
2026-02-27,44.3,49.45
2026-02-28,40.8,34.88
2026-03-01,43.7,37.36
2026-03-02,42.2,47.11
2026-03-03,41.1,45.88
2026-03-04,40.2,44.87
2026-03-05,42.2,47.11
2026-03-06,39.5,44.09
2026-03-07,38.6,33.0
2026-03-08,37.9,32.4
2026-03-09,33.2,37.06
2026-03-10,35.6,39.74
2026-03-11,35.3,39.4
2026-03-12,32.6,36.39
2026-03-13,35.0,39.07
2026-03-14,39.0,33.34
2026-03-15,35.1,30.01
2026-03-16,38.0,42.42
2026-03-17,31.6,35.27
2026-03-18,37.3,41.64
2026-03-19,37.6,41.97
2026-03-20,39.0,43.53
2026-03-21,38.2,32.66
2026-03-22,37.9,32.4
2026-03-23,37.4,41.75
2026-03-24,35.5,39.63
2026-03-25,37.3,41.64
2026-03-26,27.4,30.59
2026-03-27,32.6,36.39
2026-03-28,34.0,29.07
2026-03-29,35.2,30.1
2026-03-30,28.8,32.15
2026-03-31,26.8,29.92
2026-04-01,27.9,31.14
2026-04-02,30.6,34.16
2026-04-03,27.9,31.14
2026-04-04,33.2,28.39
2026-04-05,29.7,25.39
2026-04-06,32.4,36.17
2026-04-07,26.5,29.58
2026-04-08,29.3,32.71
2026-04-09,24.6,27.46
2026-04-10,22.9,25.56
2026-04-11,23.9,20.43
2026-04-12,30.8,26.33
2026-04-13,30.5,34.05
2026-04-14,26.1,29.13
2026-04-15,26.6,29.69
2026-04-16,24.3,27.12
2026-04-17,24.9,27.79
2026-04-18,24.1,20.61
2026-04-19,27.0,23.08
2026-04-20,22.8,25.45
2026-04-21,24.9,27.79
2026-04-22,20.9,23.33
2026-04-23,23.8,26.57
2026-04-24,17.6,19.65
2026-04-25,18.3,15.65
2026-04-26,19.4,16.59
2026-04-27,17.1,19.09
2026-04-28,25.9,28.91
2026-04-29,20.3,22.66
2026-04-30,16.5,18.42
2026-05-01,18.8,20.99
2026-05-02,18.9,16.16
2026-05-03,16.6,14.19
2026-05-04,18.2,20.32
2026-05-05,21.0,23.44
2026-05-06,16.2,18.08
2026-05-07,17.2,19.2
2026-05-08,14.2,15.85
2026-05-09,21.2,18.13
2026-05-10,12.9,11.03
2026-05-11,11.9,13.28
2026-05-12,13.3,14.85
2026-05-13,13.2,14.73
2026-05-14,14.0,15.63
2026-05-15,15.2,16.97
2026-05-16,14.9,12.74
2026-05-17,17.6,15.05
2026-05-18,19.5,21.77
2026-05-19,18.6,20.76
2026-05-20,14.0,15.63
2026-05-21,11.2,12.5
2026-05-22,17.4,19.42
2026-05-23,9.4,8.04
2026-05-24,17.1,14.62
2026-05-25,11.6,12.95
2026-05-26,15.5,17.3
2026-05-27,14.1,15.74
2026-05-28,11.1,12.39
2026-05-29,13.5,15.07
2026-05-30,7.8,6.67
2026-05-31,9.4,8.04
2026-06-01,15.0,16.74
2026-06-02,7.3,8.15
2026-06-03,13.3,14.85
2026-06-04,8.5,9.49
2026-06-05,7.0,7.81
2026-06-06,14.4,12.31
2026-06-07,11.6,9.92
2026-06-08,13.0,14.51
2026-06-09,13.5,15.07
2026-06-10,7.0,7.81
2026-06-11,11.4,12.73
2026-06-12,7.0,7.81
2026-06-13,7.0,5.98
2026-06-14,8.6,7.35
2026-06-15,7.0,7.81
2026-06-16,9.9,11.05
2026-06-17,11.1,12.39
2026-06-18,11.5,12.84
2026-06-19,11.4,12.73
2026-06-20,8.6,7.35
2026-06-21,7.0,5.98
2026-06-22,9.6,10.72
2026-06-23,7.0,7.81
2026-06-24,9.3,10.38
2026-06-25,9.1,10.16
2026-06-26,7.0,7.81
2026-06-27,7.0,5.98
2026-06-28,7.0,5.98
2026-06-29,7.0,7.81
2026-06-30,10.1,11.27
2026-07-01,7.0,7.81
2026-07-02,7.0,7.81
2026-07-03,7.0,7.81
2026-07-04,9.2,7.87
2026-07-05,7.0,5.98
2026-07-06,7.0,7.81
2026-07-07,7.0,7.81
2026-07-08,9.6,10.72
2026-07-09,9.2,10.27
2026-07-10,7.0,7.81
2026-07-11,7.0,5.98
2026-07-12,9.2,7.87
2026-07-13,7.0,7.81
2026-07-14,7.0,7.81
2026-07-15,7.0,7.81
2026-07-16,7.0,7.81
2026-07-17,7.0,7.81
2026-07-18,7.0,5.98
2026-07-19,7.0,5.98
2026-07-20,7.0,7.81
2026-07-21,7.0,7.81
2026-07-22,7.0,7.81
2026-07-23,9.3,10.38
2026-07-24,7.0,7.81
2026-07-25,7.0,5.98
2026-07-26,7.0,5.98
2026-07-27,7.0,7.81
2026-07-28,10.3,11.5
2026-07-29,7.0,7.81
2026-07-30,10.0,11.16
2026-07-31,7.0,7.81
2026-08-01,7.0,5.98
2026-08-02,7.0,5.98
2026-08-03,7.0,7.81
2026-08-04,10.5,11.72
2026-08-05,7.0,7.81
2026-08-06,7.0,7.81
2026-08-07,7.0,7.81
2026-08-08,7.0,5.98
2026-08-09,7.2,6.16
2026-08-10,7.0,7.81
2026-08-11,11.6,12.95
2026-08-12,7.0,7.81
2026-08-13,11.5,12.84
2026-08-14,7.1,7.93
2026-08-15,7.0,5.98
2026-08-16,7.0,5.98
2026-08-17,7.0,7.81
2026-08-18,8.8,9.82
2026-08-19,7.0,7.81
2026-08-20,7.0,7.81
2026-08-21,8.2,9.15
2026-08-22,12.6,10.77
2026-08-23,7.0,5.98
2026-08-24,7.0,7.81
2026-08-25,7.0,7.81
2026-08-26,12.0,13.39
2026-08-27,13.9,15.52
2026-08-28,14.3,15.96
2026-08-29,12.9,11.03
2026-08-30,13.8,11.8
2026-08-31,7.0,7.81
2026-09-01,7.8,8.71
2026-09-02,10.8,12.06
2026-09-03,9.4,10.49
2026-09-04,10.5,11.72
2026-09-05,10.5,8.98
2026-09-06,14.4,12.31
2026-09-07,9.9,11.05
2026-09-08,17.8,19.87
2026-09-09,13.1,14.62
2026-09-10,11.6,12.95
2026-09-11,9.0,10.05
2026-09-12,17.7,15.13
2026-09-13,18.3,15.65
2026-09-14,11.5,12.84
2026-09-15,16.5,18.42
2026-09-16,17.8,19.87
2026-09-17,20.2,22.55
2026-09-18,18.5,20.65
2026-09-19,20.2,17.27
2026-09-20,17.1,14.62
2026-09-21,12.7,14.18
2026-09-22,13.4,14.96
2026-09-23,19.9,22.21
2026-09-24,21.0,23.44
2026-09-25,16.5,18.42
2026-09-26,17.5,14.96
2026-09-27,14.5,12.4
2026-09-28,17.0,18.98
2026-09-29,17.4,19.42
2026-09-30,24.3,27.12
2026-10-01,22.3,24.89
2026-10-02,23.6,26.34
2026-10-03,19.7,16.84
2026-10-04,21.5,18.38
2026-10-05,19.3,21.54
2026-10-06,24.9,27.79
2026-10-07,25.8,28.8
2026-10-08,23.8,26.57
2026-10-09,21.4,23.89
2026-10-10,23.4,20.01
2026-10-11,25.7,21.97
2026-10-12,18.9,21.1
2026-10-13,21.2,23.66
2026-10-14,22.2,24.78
2026-10-15,22.9,25.56
2026-10-16,28.7,32.04
2026-10-17,28.5,24.37
2026-10-18,29.2,24.97
2026-10-19,21.7,24.22
2026-10-20,29.9,33.38
2026-10-21,29.5,32.93
2026-10-22,28.4,31.7
2026-10-23,27.8,31.03
2026-10-24,24.8,21.2
2026-10-25,30.1,25.74
2026-10-26,31.4,35.05
2026-10-27,29.1,32.48
2026-10-28,25.3,28.24
2026-10-29,27.6,30.81
2026-10-30,28.8,32.15
2026-10-31,30.9,26.42
2026-11-01,32.0,27.36
2026-11-02,25.9,28.91
2026-11-03,32.5,36.28
2026-11-04,27.8,31.03
2026-11-05,31.2,34.83
2026-11-06,37.0,41.3
2026-11-07,34.4,29.41
2026-11-08,36.0,30.78
2026-11-09,32.7,36.5
2026-11-10,33.2,37.06
2026-11-11,35.1,39.18
2026-11-12,37.2,41.52
2026-11-13,37.7,42.08
2026-11-14,33.6,28.73
2026-11-15,37.6,32.15
2026-11-16,31.4,35.05
2026-11-17,34.6,38.62
2026-11-18,32.8,36.61
2026-11-19,37.2,41.52
2026-11-20,32.5,36.28
2026-11-21,39.1,33.43
2026-11-22,33.1,28.3
2026-11-23,34.5,38.51
2026-11-24,40.1,44.76
2026-11-25,41.0,45.77
2026-11-26,39.3,43.87
2026-11-27,39.7,44.32
2026-11-28,39.8,34.03
2026-11-29,42.0,35.91
2026-11-30,40.2,44.87
2026-12-01,38.8,43.31
2026-12-02,42.0,46.88
2026-12-03,35.0,39.07
2026-12-04,39.1,43.65
2026-12-05,44.0,37.62
2026-12-06,42.9,36.68
2026-12-07,36.3,40.52
2026-12-08,42.6,47.55
2026-12-09,40.1,44.76
2026-12-10,39.8,44.43
2026-12-11,46.2,51.57
2026-12-12,41.2,35.23
2026-12-13,37.8,32.32
2026-12-14,44.7,49.9
2026-12-15,37.8,42.19
2026-12-16,44.0,49.11
2026-12-17,42.2,47.11
2026-12-18,38.0,42.42
2026-12-19,40.6,34.71
2026-12-20,38.3,32.75
2026-12-21,47.6,53.13
2026-12-22,41.4,46.21
2026-12-23,48.1,53.69
2026-12-24,44.3,49.45
2026-12-25,42.5,47.44
2026-12-26,46.1,39.42
2026-12-27,40.3,34.46
2026-12-28,43.2,48.22
2026-12-29,46.3,51.68
2026-12-30,47.0,52.46
2026-12-31,47.9,53.47
